userId,postId,like
663c683d0eeb8cdfc86ddd60,663c7098d52b39a68f3a6780,true
663c683d0eeb8cdfc86ddd60,663c709ed52b39a68f3a6792,true
663c683d0eeb8cdfc86ddd60,663c70a2d52b39a68f3a679b,true
663c683d0eeb8cdfc86ddd60,663c70aad52b39a68f3a67ad,true
663c683d0eeb8cdfc86ddd60,663c70add52b39a68f3a67b6,true
663c683d0eeb8cdfc86ddd60,663c70d2d52b39a68f3a67e7,true
663c683d0eeb8cdfc86ddd60,663c70ded52b39a68f3a67f9,true
663c683d0eeb8cdfc86ddd60,663c70f6d52b39a68f3a681d,true
663c683d0eeb8cdfc86ddd60,663c70c0d52b39a68f3a67c8,true
663c7135d52b39a68f3a685e,663c70c0d52b39a68f3a67c8,true
663c7135d52b39a68f3a685e,663c70c4d52b39a68f3a67d1,true
663c7135d52b39a68f3a685e,663c70aad52b39a68f3a67ad,true
663c7135d52b39a68f3a685e,663c7066d52b39a68f3a672f,true
663c7135d52b39a68f3a685e,663c7094d52b39a68f3a6777,true
663c7135d52b39a68f3a685e,663c709bd52b39a68f3a6789,true
663c7135d52b39a68f3a685e,663c70ded52b39a68f3a67f9,true
663c7135d52b39a68f3a685e,663c70e5d52b39a68f3a6802,true
663c7135d52b39a68f3a685e,663c70f6d52b39a68f3a681d,true
663c7157d52b39a68f3a68a0,663c70aad52b39a68f3a67ad,true
663c7157d52b39a68f3a68a0,663c70b1d52b39a68f3a67bf,true
663c7157d52b39a68f3a68a0,663c70c4d52b39a68f3a67d1,true
663c7157d52b39a68f3a68a0,663c7063d52b39a68f3a6726,true
663c7157d52b39a68f3a68a0,663c706ad52b39a68f3a6738,true
663c7157d52b39a68f3a68a0,663c7080d52b39a68f3a6753,true
663c7157d52b39a68f3a68a0,663c7088d52b39a68f3a6765,true
663c7157d52b39a68f3a68a0,663c7098d52b39a68f3a6780,true
663c7157d52b39a68f3a68a0,663c70ebd52b39a68f3a680b,true
663c716cd52b39a68f3a68cc,663c70ebd52b39a68f3a680b,true
663c716cd52b39a68f3a68cc,663c70f0d52b39a68f3a6814,true
663c716cd52b39a68f3a68cc,663c70d2d52b39a68f3a67e7,true
663c716cd52b39a68f3a68cc,663c70add52b39a68f3a67b6,true
663c716cd52b39a68f3a68cc,663c7066d52b39a68f3a672f,true
663c716cd52b39a68f3a68cc,663c707cd52b39a68f3a674a,true
663c716cd52b39a68f3a68cc,663c7083d52b39a68f3a675c,true
663c716cd52b39a68f3a68cc,663c70a2d52b39a68f3a679b,true
663c713cd52b39a68f3a6874,663c70a2d52b39a68f3a679b,true
663c713cd52b39a68f3a6874,663c70a7d52b39a68f3a67a4,true
663c713cd52b39a68f3a6874,663c7098d52b39a68f3a6780,true
663c713cd52b39a68f3a6874,663c708ed52b39a68f3a676e,true
663c713cd52b39a68f3a6874,663c7088d52b39a68f3a6765,true
663c713cd52b39a68f3a6874,663c70aad52b39a68f3a67ad,true
663c713cd52b39a68f3a6874,663c70c4d52b39a68f3a67d1,true
663c713cd52b39a68f3a6874,663c70d2d52b39a68f3a67e7,true
663c713cd52b39a68f3a6874,663c70ded52b39a68f3a67f9,true
663c713cd52b39a68f3a6874,663c70ebd52b39a68f3a680b,true
663c713cd52b39a68f3a6874,663c70f6d52b39a68f3a681d,true
663c712fd52b39a68f3a6848,663c70f6d52b39a68f3a681d,true
663c712fd52b39a68f3a6848,663c70f0d52b39a68f3a6814,true
663c712fd52b39a68f3a6848,663c70ded52b39a68f3a67f9,true
663c712fd52b39a68f3a6848,663c70d2d52b39a68f3a67e7,true
663c712fd52b39a68f3a6848,663c70c0d52b39a68f3a67c8,true
663c712fd52b39a68f3a6848,663c70aad52b39a68f3a67ad,true
663c712fd52b39a68f3a6848,663c70b1d52b39a68f3a67bf,true
663c712fd52b39a68f3a6848,663c70cfd52b39a68f3a67de,true
663c712fd52b39a68f3a6848,663c70add52b39a68f3a67b6,true
663c7157d52b39a68f3a68a0,663c70add52b39a68f3a67b6,true
663c7164d52b39a68f3a68b6,663c70b1d52b39a68f3a67bf,true
663c7164d52b39a68f3a68b6,663c70cfd52b39a68f3a67de,true
663c7164d52b39a68f3a68b6,663c70d2d52b39a68f3a67e7,true
663c7164d52b39a68f3a68b6,663c70ded52b39a68f3a67f9,true
663c7164d52b39a68f3a68b6,663c70ebd52b39a68f3a680b,true
663c7164d52b39a68f3a68b6,663c70f0d52b39a68f3a6814,true
663c7164d52b39a68f3a68b6,663c70aad52b39a68f3a67ad,true
663c7164d52b39a68f3a68b6,663c7066d52b39a68f3a672f,true
663c7164d52b39a68f3a68b6,663c706fd52b39a68f3a6741,true
663c7164d52b39a68f3a68b6,663c7080d52b39a68f3a6753,true
663c7164d52b39a68f3a68b6,663c7094d52b39a68f3a6777,true
663c7164d52b39a68f3a68b6,663c709bd52b39a68f3a6789,true
663c7164d52b39a68f3a68b6,663c70a7d52b39a68f3a67a4,true
663c7164d52b39a68f3a68b6,663c7088d52b39a68f3a6765,true
663c7174d52b39a68f3a68e2,663c7088d52b39a68f3a6765,true
663c7174d52b39a68f3a68e2,663c7094d52b39a68f3a6777,true
663c7174d52b39a68f3a68e2,663c7098d52b39a68f3a6780,true
663c7174d52b39a68f3a68e2,663c709ed52b39a68f3a6792,true
663c7174d52b39a68f3a68e2,663c70a7d52b39a68f3a67a4,true
663c7174d52b39a68f3a68e2,663c70aad52b39a68f3a67ad,true
663c7174d52b39a68f3a68e2,663c70b1d52b39a68f3a67bf,true
663c7174d52b39a68f3a68e2,663c70f6d52b39a68f3a681d,true
663c7174d52b39a68f3a68e2,663c70ebd52b39a68f3a680b,true
663c7174d52b39a68f3a68e2,663c70ded52b39a68f3a67f9,true
663c7174d52b39a68f3a68e2,663c70d2d52b39a68f3a67e7,true
